<application>
  <component name="com.intellij.ide.ui.customization.CustomActionsSchema">
    <group value="StreamingToolbarVirtualDevice" is_group="true" forse_popup="false" action_type="-1" position="25">
      <path value="root" />
    </group>
    <group value="Vcs.Operations.Popup" is_group="true" forse_popup="false" action_type="-1" position="24">
      <path value="root" />
    </group>
    <group value="Vcs.Log.Toolbar.RightCorner" is_group="true" forse_popup="false" action_type="-1" position="23">
      <path value="root" />
    </group>
    <group value="Vcs.Operations.Popup" is_group="true" forse_popup="false" action_type="-1" position="23">
      <path value="root" />
    </group>
    <group value="Vcs.Log.ChangesBrowser.Toolbar" is_group="true" forse_popup="false" action_type="-1" position="22">
      <path value="root" />
    </group>
    <group value="Vcs.Log.Toolbar.RightCorner" is_group="true" forse_popup="false" action_type="-1" position="22">
      <path value="root" />
    </group>
    <group value="ChangesViewToolbar" is_group="true" forse_popup="false" action_type="-1" position="21">
      <path value="root" />
    </group>
    <group value="Vcs.Log.ChangesBrowser.Toolbar" is_group="true" forse_popup="false" action_type="-1" position="21">
      <path value="root" />
    </group>
    <group value="StringManipulation.Group.SwitchCase" is_group="true" forse_popup="false" action_type="-1" position="20">
      <path value="root" />
    </group>
    <group value="ChangesViewToolbar" is_group="true" forse_popup="false" action_type="-1" position="20">
      <path value="root" />
    </group>
    <group value="Vcs.Operations.Popup" is_group="true" forse_popup="false" action_type="-1" position="20">
      <path value="root" />
    </group>
    <group value="StringManipulation.Group.Main" is_group="true" forse_popup="false" action_type="-1" position="19">
      <path value="root" />
    </group>
    <group value="StringManipulation.Group.SwitchCase" is_group="true" forse_popup="false" action_type="-1" position="19">
      <path value="root" />
    </group>
    <group value="Vcs.Log.Toolbar.RightCorner" is_group="true" forse_popup="false" action_type="-1" position="19">
      <path value="root" />
    </group>
    <group value="RunTab.TopToolbar.Old" is_group="true" forse_popup="false" action_type="-1" position="18">
      <path value="root" />
    </group>
    <group value="StringManipulation.Group.Main" is_group="true" forse_popup="false" action_type="-1" position="18">
      <path value="root" />
    </group>
    <group value="Vcs.Log.ChangesBrowser.Toolbar" is_group="true" forse_popup="false" action_type="-1" position="18">
      <path value="root" />
    </group>
    <group value="Console.TableResult.FloatingToolbarGroup" is_group="true" forse_popup="false" action_type="-1" position="17">
      <path value="root" />
    </group>
    <group value="RunTab.TopToolbar.Old" is_group="true" forse_popup="false" action_type="-1" position="17">
      <path value="root" />
    </group>
    <group value="ChangesViewToolbar" is_group="true" forse_popup="false" action_type="-1" position="17">
      <path value="root" />
    </group>
    <group value="StreamingToolbarPhysicalDevice" is_group="true" forse_popup="false" action_type="-1" position="16">
      <path value="root" />
    </group>
    <group value="Markdown.Toolbar.Floating" is_group="true" forse_popup="false" action_type="-1" position="16">
      <path value="root" />
    </group>
    <group value="Markdown.Toolbar.Floating" is_group="true" forse_popup="false" action_type="-1" position="15">
      <path value="root" />
    </group>
    <group value="J2EEViewPopupMenu" is_group="true" forse_popup="false" action_type="-1" position="15">
      <path value="root" />
    </group>
    <group value="J2EEViewPopupMenu" is_group="true" forse_popup="false" action_type="-1" position="14">
      <path value="root" />
    </group>
    <group value="Floating.CodeToolbar" is_group="true" forse_popup="false" action_type="-1" position="14">
      <path value="root" />
    </group>
    <group value="Vcs.FileHistory.Toolbar" is_group="true" forse_popup="false" action_type="-1" position="13">
      <path value="root" />
    </group>
    <group value="Vcs.FileHistory.Toolbar" is_group="true" forse_popup="false" action_type="-1" position="12">
      <path value="root" />
    </group>
    <group value="StreamingToolbarVirtualDevice" is_group="true" forse_popup="false" action_type="-1" position="12">
      <path value="root" />
    </group>
    <group value="EmulatorToolbar" is_group="true" forse_popup="false" action_type="-1" position="12">
      <path value="root" />
    </group>
    <group value="XDebugger.Watches.Tree.Toolbar" is_group="true" forse_popup="false" action_type="-1" position="11">
      <path value="root" />
    </group>
    <group value="XDebugger.ToolWindow.TopToolbar" is_group="true" forse_popup="false" action_type="-1" position="10">
      <path value="root" />
    </group>
    <group value="XDebugger.ToolWindow.LeftToolbar" is_group="true" forse_popup="false" action_type="-1" position="9">
      <path value="root" />
    </group>
    <group value="NavBarToolBar" is_group="true" forse_popup="false" action_type="-1" position="8">
      <path value="root" />
    </group>
    <group value="NavbarPopupMenu" is_group="true" forse_popup="false" action_type="-1" position="7">
      <path value="root" />
    </group>
    <group value="ScopeViewPopupMenu" is_group="true" forse_popup="false" action_type="-1" position="6">
      <path value="root" />
    </group>
    <group value="ProjectViewPopupMenu" is_group="true" forse_popup="false" action_type="-1" position="5">
      <path value="root" />
    </group>
    <group seperator="true" action_type="-1" position="5">
      <path value="root" />
      <path value="Editor Gutter Popup Menu" />
    </group>
    <group value="EditorTabPopupMenu" is_group="true" forse_popup="false" action_type="-1" position="4">
      <path value="root" />
    </group>
    <group value="EditorGutterPopupMenu" is_group="true" forse_popup="false" action_type="-1" position="3">
      <path value="root" />
    </group>
    <group value="ConfigureSoftWraps" is_action="true" action_type="-1" position="3">
      <path value="root" />
      <path value="Editor Gutter Popup Menu" />
    </group>
    <group value="EditorPopupMenu" is_group="true" forse_popup="false" action_type="-1" position="2">
      <path value="root" />
    </group>
    <group value="EditorToggleUseSoftWraps" is_action="true" action_type="-1" position="2">
      <path value="root" />
      <path value="Editor Gutter Popup Menu" />
    </group>
    <group value="MainToolBar" is_group="true" forse_popup="false" action_type="-1" position="1">
      <path value="root" />
    </group>
    <group value="MainMenu" is_group="true" forse_popup="false" action_type="-1" position="0">
      <path value="root" />
    </group>
    <group value="copilot.chat.inline" is_action="true" action_type="1" position="1">
      <path value="root" />
      <path value="Floating Code Toolbar" />
    </group>
    <group value="RerunTests" is_action="true" action_type="1" position="1">
      <path value="root" />
      <path value="Run Toolwindow Header Toolbar" />
    </group>
    <group value="ChangesView.Revert" is_action="true" action_type="1" position="1">
      <path value="root" />
      <path value="Editor Gutter Popup Menu" />
      <path value="EditorGutterVcsPopupMenu" />
    </group>
    <group value="DebugMainMenu" is_group="true" forse_popup="true" action_type="1" position="2">
      <path value="root" />
      <path value="Navigation Bar Toolbar" />
    </group>
    <group value="Vcs.RollbackChangedLines" is_action="true" action_type="1" position="2">
      <path value="root" />
      <path value="Editor Gutter Popup Menu" />
      <path value="EditorGutterVcsPopupMenu" />
    </group>
    <group value="LocalHistory.ShowHistory" is_action="true" action_type="1" position="3">
      <path value="root" />
      <path value="Editor Gutter Popup Menu" />
    </group>
    <group value="Vcs.ShowTabbedFileHistory" is_action="true" action_type="1" position="3">
      <path value="root" />
      <path value="Editor Gutter Popup Menu" />
      <path value="EditorGutterVcsPopupMenu" />
    </group>
    <group value="LocalHistory.ShowSelectionHistory" is_action="true" action_type="1" position="4">
      <path value="root" />
      <path value="Editor Gutter Popup Menu" />
    </group>
    <group value="Vcs.ShowHistoryForBlock" is_action="true" action_type="1" position="4">
      <path value="root" />
      <path value="Editor Gutter Popup Menu" />
      <path value="EditorGutterVcsPopupMenu" />
    </group>
    <action id="RerunTests" icon="jar:file:/Applications/IntelliJ%20IDEA.app/Contents/lib/app.jar!/toolbar/unknown.svg" />
    <action id="DebugMainMenu" icon="jar:file:/Applications/IntelliJ%20IDEA.app/Contents/lib/app-client.jar!/toolbar/unknown.svg" />
  </component>
</application>