<application>
  <component name="CodeVisionSettings">
    <option name="codeVisionGroupToPosition">
      <map>
        <entry key="inheritors" value="Default" />
        <entry key="problems" value="Default" />
        <entry key="references" value="Default" />
        <entry key="vcs.code.vision" value="Top" />
      </map>
    </option>
    <option name="defaultPosition" value="Right" />
    <option name="disabledCodeVisionProviderIds">
      <set>
        <option value="inheritors" />
        <option value="references" />
        <option value="vcs.code.vision" />
      </set>
    </option>
  </component>
  <component name="DaemonCodeAnalyzerSettings">
    <option name="AUTOREPARSE_DELAY" value="0" />
  </component>
  <component name="DeclarativeInlayHintsSettings">
    <option name="enabledOptions">
      <map>
        <entry key="ts.type.hints#function.returns" value="true" />
      </map>
    </option>
    <option name="providerIdToEnabled">
      <map>
        <entry key="java.implicit.types" value="false" />
        <entry key="java.method.chains" value="true" />
        <entry key="js.chain.hints" value="true" />
        <entry key="js.type.hints" value="true" />
        <entry key="ts.chain.hints" value="true" />
        <entry key="ts.enum.hints" value="true" />
        <entry key="ts.type.hints" value="true" />
      </map>
    </option>
  </component>
  <component name="EditorSettings">
    <option name="USE_SOFT_WRAPS" value="CONSOLE" />
    <option name="IS_ENSURE_NEWLINE_AT_EOF" value="true" />
    <option name="TOOLTIPS_DELAY_MS" value="300" />
    <option name="IS_CAMEL_WORDS" value="true" />
    <option name="IS_MOUSE_CLICK_SELECTION_HONORS_CAMEL_WORDS" value="false" />
  </component>
  <component name="InlayHintsSettings">
    <option name="lastViewedProviderKeyId" value="TypeScript.ts.type.hints.variables.and.fields" />
  </component>
  <component name="InlineCompletionOnboarding">
    <option name="onboardingFinished" value="true" />
  </component>
</application>