<application>
  <component name="FileTypeManager" version="19">
    <extensionMap>
      <removed_mapping ext="apk" approved="true" type="ARCHIVE" />
      <removed_mapping pattern="*.d.ts" approved="true" type="PLAIN_TEXT" />
      <removed_mapping ext="hjson" approved="true" type="JSON" />
      <removed_mapping ext="pdf" approved="true" type="Native" />
      <removed_mapping ext="psd" approved="true" type="Image" />
      <removed_mapping pattern="pubspec.lock" approved="true" type="YAML" />
    </extensionMap>
  </component>
</application>