<application>
  <component name="FindSettings">
    <option name="customScope" value="BFF" />
    <option name="defaultScopeName" value="BFF" />
    <option name="SEARCH_SCOPE" value="BFF" />
    <mask>*.css</mask>
    <mask>*.html</mask>
    <mask>*.xml</mask>
    <mask>*.jsp</mask>
    <mask>*.properties</mask>
    <mask>*.java</mask>
    <mask>*scss</mask>
    <mask>*state*</mask>
    <mask>*mapper.ts*</mask>
    <mask>*layo*ts*</mask>
    <mask>*stage*</mask>
    <mask>*scala.html</mask>
    <mask>*package*</mask>
    <mask>*tracking*</mask>
    <mask>*html*</mask>
    <mask>*html*,*ts*</mask>
    <mask>*Test*</mask>
    <mask>*.ts</mask>
    <mask>*.mapper.ts</mask>
    <mask>*.tsx</mask>
    <mask>*layout*</mask>
    <mask>*author*</mask>
    <mask>*.state.ts*</mask>
    <mask>*.tsx*</mask>
    <mask>*.theme*</mask>
    <mask>*.md*</mask>
    <mask>*.sc*</mask>
    <mask>*.ts*</mask>
    <mask>*.html*</mask>
    <mask>*.md</mask>
    <mask>*.mapper*</mask>
    <mask>*.scss</mask>
    <mask>!*.scss</mask>
    <mask>*.spec*</mask>
    <mask>*.scss*</mask>
    <mask>!*.spec*</mask>
    <mask>type/*</mask>
    <mask>Raw*</mask>
    <mask>!*.json</mask>
    <mask>*mapper*</mask>
    <mask>*css*</mask>
    <mask>*.json</mask>
    <mask>*.state*</mask>
    <mask>*.container*</mask>
    <mask>*tsx*</mask>
    <mask>!*test*</mask>
    <mask>!*spec*</mask>
    <mask>*scala*</mask>
    <mask>*js</mask>
    <mask>*md</mask>
    <mask>*state.ts*</mask>
    <mask>*ts*</mask>
    <mask>*spe*</mask>
    <mask>*json*</mask>
    <mask>*container*</mask>
    <mask>*env*</mask>
    <mask>*spec*</mask>
    <mask>*scss*</mask>
    <mask>*md*</mask>
    <mask>*theme*</mask>
  </component>
</application>