<application>
  <component name="GraziConfig">
    <option name="enabledLanguages">
      <set>
        <option value="English (US)" />
        <option value="German (Germany)" />
      </set>
    </option>
    <option name="userDisabledRules">
      <set>
        <option value="Grazie.MLEC.En.All" />
        <option value="Grazie.RuleEngine.En.Grammar.ARTICLE_ISSUES" />
      </set>
    </option>
    <option name="suppressingContext">
      <SuppressingContext>
        <option name="suppressed">
          <set>
            <option value="The player can at all times see their current score and the latest available BTC price in USD The player can choose to enter a guess of either “up” or “down“ After a guess is entered, the player cannot make new guesses until the existing guess is resolved The guess is resolved when the price changes and at least 60 seconds have passed since the guess was made If the guess is correct (up = price went higher, down = price went lower), the user gets 1 point added to their score.|The player can at all times see their current score and the latest available BTC price in USD The player can choose to enter a guess of either “up” or “down“ After a guess is entered, the player cannot make new guesses until the existing guess is resolved The guess is resolved when the price changes and at least 60 seconds have passed since the guess was made If the guess is correct (up = price went higher, down = price went lower), the user gets 1 point added to their score." />
          </set>
        </option>
      </SuppressingContext>
    </option>
  </component>
</application>