<application>
  <component name="ProjectManager">
    <defaultProject>
      <component name="ProjectViewState">
        <option name="autoscrollToSource" value="true" />
        <option name="hideEmptyMiddlePackages" value="true" />
        <option name="showLibraryContents" value="true" />
      </component>
      <component name="PropertiesComponent"><![CDATA[{
  "keyToString": {
    "settings.editor.selected.configurable": "dev.priporov.ideanotes.configuration.NotesTreeConfigurable"
  }
}]]></component>
      <component name="WindowStateProjectService">
        <state x="2197" y="196" key="SettingsEditor" timestamp="1724839947317">
          <screen x="1728" y="25" width="1920" height="1055" />
        </state>
        <state x="2197" y="196" key="SettingsEditor/0.38.1728.1001/1728.25.1920.1055/3648.25.1920.1055" timestamp="1724839947317" />
      </component>
    </defaultProject>
  </component>
</application>