<application>
  <component name="Trusted.Paths">
    <option name="TRUSTED_PROJECT_PATHS">
      <map>
        <entry key="$USER_HOME$/workspace/1up-ConfigMcConfigFace" value="true" />
        <entry key="$USER_HOME$/workspace/1up-WeltContentApiClient" value="true" />
        <entry key="$USER_HOME$/workspace/1up-ballmer" value="true" />
        <entry key="$USER_HOME$/workspace/1up-bernd" value="true" />
        <entry key="$USER_HOME$/workspace/1up-bff" value="true" />
        <entry key="$USER_HOME$/workspace/1up-bff-staging" value="true" />
        <entry key="$USER_HOME$/workspace/1up-ccc" value="true" />
        <entry key="$USER_HOME$/workspace/1up-cigger" value="true" />
        <entry key="$USER_HOME$/workspace/1up-configuration-manager" value="true" />
        <entry key="$USER_HOME$/workspace/1up-content-api" value="true" />
        <entry key="$USER_HOME$/workspace/1up-digger" value="true" />
        <entry key="$USER_HOME$/workspace/1up-documentation" value="true" />
        <entry key="$USER_HOME$/workspace/1up-ecs-proxy" value="true" />
        <entry key="$USER_HOME$/workspace/1up-flourish-wrappers" value="true" />
        <entry key="$USER_HOME$/workspace/1up-fnk-VideoPlayer" value="true" />
        <entry key="$USER_HOME$/workspace/1up-fnk-funkotron" value="true" />
        <entry key="$USER_HOME$/workspace/1up-gates" value="true" />
        <entry key="$USER_HOME$/workspace/1up-infrastructure" value="true" />
        <entry key="$USER_HOME$/workspace/1up-internal-sections-sso" value="true" />
        <entry key="$USER_HOME$/workspace/1up-oembed" value="true" />
        <entry key="$USER_HOME$/workspace/1up-oembed/apps/oembed" value="true" />
        <entry key="$USER_HOME$/workspace/1up-stasi" value="true" />
        <entry key="$USER_HOME$/workspace/1up-storage" value="true" />
        <entry key="$USER_HOME$/workspace/1up-toolbox" value="true" />
        <entry key="$USER_HOME$/workspace/1up-toolbox/localstack" value="true" />
        <entry key="$USER_HOME$/workspace/1up-toolbox/republish-articles/resyncer" value="true" />
        <entry key="$USER_HOME$/workspace/1up-wahlomat" value="true" />
        <entry key="$USER_HOME$/workspace/1up-web-stories" value="true" />
        <entry key="$USER_HOME$/workspace/1up-welt-chrome-extension" value="true" />
        <entry key="$USER_HOME$/workspace/AwesomeProject" value="true" />
        <entry key="$USER_HOME$/workspace/AwesomeProject/android" value="true" />
        <entry key="$USER_HOME$/workspace/AwesomeProject/node_modules/@react-native-community/cli-platform-android" value="true" />
        <entry key="$USER_HOME$/workspace/AwesomeProject/node_modules/@react-native/gradle-plugin" value="true" />
        <entry key="$USER_HOME$/workspace/AwesomeProject/node_modules/react-native" value="true" />
        <entry key="$USER_HOME$/workspace/ais-examples" value="true" />
        <entry key="$USER_HOME$/workspace/akamai-test/cli-edgeworkers-1.7.3" value="true" />
        <entry key="$USER_HOME$/workspace/btc-guesser" value="true" />
        <entry key="$USER_HOME$/workspace/btc-predictor" value="true" />
        <entry key="$USER_HOME$/workspace/cmcf-2.0" value="true" />
        <entry key="$USER_HOME$/workspace/cmcf-analyzer" value="true" />
        <entry key="$USER_HOME$/workspace/eslint-test" value="true" />
        <entry key="$USER_HOME$/workspace/kpi-builder" value="true" />
        <entry key="$USER_HOME$/workspace/la-ve-web" value="true" />
        <entry key="$USER_HOME$/workspace/mui" value="true" />
        <entry key="$USER_HOME$/workspace/mui-x" value="true" />
        <entry key="$USER_HOME$/workspace/nmt-secured-content-edge-worker" value="true" />
        <entry key="$USER_HOME$/workspace/openapi-generator/content-api" value="true" />
        <entry key="$USER_HOME$/workspace/openapi-typescript" value="true" />
        <entry key="$USER_HOME$/workspace/openapi-typescript-codegen/content-api" value="true" />
        <entry key="$USER_HOME$/workspace/rbbt-podigee-player" value="true" />
        <entry key="$USER_HOME$/workspace/spectrum-web-components" value="true" />
        <entry key="$USER_HOME$/workspace/ultimate_puzzle_collection" value="true" />
        <entry key="$USER_HOME$/workspace/utils" value="true" />
        <entry key="$USER_HOME$/workspace/welt-chrome-extension" value="true" />
      </map>
    </option>
  </component>
  <component name="Trusted.Paths.Settings">
    <option name="TRUSTED_PATHS">
      <list>
        <option value="$USER_HOME$/workspace" />
      </list>
    </option>
  </component>
</application>