<application>
  <component name="DimensionService">
    <location key="find.popup.0.0.3456.2234@192dpi" x="604" y="308" />
    <location key="find.popup.1728.0.1920.1080" x="2072" y="189" />
    <location key="find.popup.1728.0.2560.1440" x="2185" y="245" />
    <location key="find.popup.3648.0.1920.1080" x="3992" y="190" />
    <location key="find.popup.4288.-323.2560.1440" x="4833" y="-77" />
    <location key="find.popup.1728.-323.2560.1440" x="2187" y="-78" />
    <location key="find.popup.1728.-219.2560.1440" x="2019" y="-76" />
    <location key="find.popup.4288.-219.2560.1440" x="4833" y="27" />
    <size key="find.popup.0.0.3456.2234@192dpi" width="2796" height="1442" />
    <size key="find.popup.1728.0.1920.1080" width="1554" height="768" />
    <size key="GridCell.Tab.0.left.1728.0.1920.1080" width="1870" height="325" />
    <size key="GridCell.Tab.0.center.1728.0.1920.1080" width="1870" height="325" />
    <size key="GridCell.Tab.0.right.1728.0.1920.1080" width="1870" height="325" />
    <size key="GridCell.Tab.0.bottom.1728.0.1920.1080" width="1870" height="325" />
    <size key="GridCell.Tab.0.left.1728.0.2560.1440" width="2510" height="413" />
    <size key="GridCell.Tab.0.center.1728.0.2560.1440" width="2510" height="413" />
    <size key="GridCell.Tab.0.right.1728.0.2560.1440" width="2510" height="413" />
    <size key="GridCell.Tab.0.bottom.1728.0.2560.1440" width="2510" height="413" />
    <size key="find.popup.1728.0.2560.1440" width="2071" height="1029" />
    <size key="GridCell.Tab.0.left.4288.0.2560.1440" width="2510" height="452" />
    <size key="GridCell.Tab.0.center.4288.0.2560.1440" width="2510" height="452" />
    <size key="GridCell.Tab.0.right.4288.0.2560.1440" width="2510" height="452" />
    <size key="GridCell.Tab.0.bottom.4288.0.2560.1440" width="2510" height="452" />
    <size key="find.popup.3648.0.1920.1080" width="1347" height="707" />
    <size key="GridCell.Tab.0.left.3648.0.1920.1080" width="1870" height="412" />
    <size key="GridCell.Tab.0.center.3648.0.1920.1080" width="1870" height="412" />
    <size key="GridCell.Tab.0.right.3648.0.1920.1080" width="1870" height="412" />
    <size key="GridCell.Tab.0.bottom.3648.0.1920.1080" width="1870" height="412" />
    <size key="find.popup.4288.-323.2560.1440" width="1445" height="883" />
    <size key="find.popup.1728.-323.2560.1440" width="2071" height="1029" />
    <size key="GridCell.Tab.0.left.1728.-323.2560.1440" width="2510" height="316" />
    <size key="GridCell.Tab.0.center.1728.-323.2560.1440" width="2510" height="316" />
    <size key="GridCell.Tab.0.right.1728.-323.2560.1440" width="2510" height="316" />
    <size key="GridCell.Tab.0.bottom.1728.-323.2560.1440" width="2510" height="316" />
    <size key="GridCell.Tab.4.left.1728.0.1920.1080" width="1870" height="483" />
    <size key="GridCell.Tab.4.center.1728.0.1920.1080" width="1870" height="483" />
    <size key="GridCell.Tab.4.right.1728.0.1920.1080" width="1870" height="483" />
    <size key="GridCell.Tab.4.bottom.1728.0.1920.1080" width="1870" height="483" />
    <size key="GridCell.Tab.1.left.1728.0.1920.1080" width="1870" height="501" />
    <size key="GridCell.Tab.1.center.1728.0.1920.1080" width="1870" height="501" />
    <size key="GridCell.Tab.1.right.1728.0.1920.1080" width="1870" height="501" />
    <size key="GridCell.Tab.1.bottom.1728.0.1920.1080" width="1870" height="501" />
    <size key="GridCell.Tab.2.left.1728.0.1920.1080" width="1870" height="454" />
    <size key="GridCell.Tab.2.center.1728.0.1920.1080" width="1870" height="454" />
    <size key="GridCell.Tab.2.right.1728.0.1920.1080" width="1870" height="454" />
    <size key="GridCell.Tab.2.bottom.1728.0.1920.1080" width="1870" height="454" />
    <size key="GridCell.Tab.1.left.1728.0.2560.1440" width="2518" height="439" />
    <size key="GridCell.Tab.1.center.1728.0.2560.1440" width="2518" height="439" />
    <size key="GridCell.Tab.1.right.1728.0.2560.1440" width="2518" height="439" />
    <size key="GridCell.Tab.1.bottom.1728.0.2560.1440" width="2518" height="439" />
    <size key="GridCell.Tab.0.left.0.0.3456.2234@192dpi" width="3740" height="638" />
    <size key="GridCell.Tab.0.center.0.0.3456.2234@192dpi" width="3740" height="638" />
    <size key="GridCell.Tab.0.right.0.0.3456.2234@192dpi" width="3740" height="638" />
    <size key="GridCell.Tab.0.bottom.0.0.3456.2234@192dpi" width="3740" height="638" />
    <size key="GridCell.Tab.1.left.0.0.3456.2234@192dpi" width="3740" height="662" />
    <size key="GridCell.Tab.1.center.0.0.3456.2234@192dpi" width="3740" height="662" />
    <size key="GridCell.Tab.1.right.0.0.3456.2234@192dpi" width="3740" height="662" />
    <size key="GridCell.Tab.1.bottom.0.0.3456.2234@192dpi" width="3740" height="662" />
    <size key="GridCell.Tab.2.left.0.0.3456.2234@192dpi" width="3756" height="1004" />
    <size key="GridCell.Tab.2.center.0.0.3456.2234@192dpi" width="3756" height="1004" />
    <size key="GridCell.Tab.2.right.0.0.3456.2234@192dpi" width="3756" height="1004" />
    <size key="GridCell.Tab.2.bottom.0.0.3456.2234@192dpi" width="3756" height="1004" />
    <size key="find.popup.1728.-219.2560.1440" width="2071" height="1023" />
    <size key="GridCell.Tab.0.left.4288.-219.2560.1440" width="1876" height="330" />
    <size key="GridCell.Tab.0.center.4288.-219.2560.1440" width="1876" height="330" />
    <size key="GridCell.Tab.0.right.4288.-219.2560.1440" width="1876" height="330" />
    <size key="GridCell.Tab.0.bottom.4288.-219.2560.1440" width="1876" height="330" />
    <size key="find.popup.4288.-219.2560.1440" width="1730" height="1073" />
    <size key="GridCell.Tab.0.left.1728.-219.2560.1440" width="2516" height="439" />
    <size key="GridCell.Tab.0.center.1728.-219.2560.1440" width="2516" height="439" />
    <size key="GridCell.Tab.0.right.1728.-219.2560.1440" width="2516" height="439" />
    <size key="GridCell.Tab.0.bottom.1728.-219.2560.1440" width="2516" height="439" />
    <size key="GridCell.Tab.0.left.4288.-323.2560.1440" width="1230" height="437" />
    <size key="GridCell.Tab.0.center.4288.-323.2560.1440" width="1230" height="437" />
    <size key="GridCell.Tab.0.right.4288.-323.2560.1440" width="1230" height="437" />
    <size key="GridCell.Tab.0.bottom.4288.-323.2560.1440" width="1230" height="437" />
    <size key="GridCell.Tab.1.left.1728.-323.2560.1440" width="2510" height="639" />
    <size key="GridCell.Tab.1.center.1728.-323.2560.1440" width="2510" height="639" />
    <size key="GridCell.Tab.1.right.1728.-323.2560.1440" width="2510" height="639" />
    <size key="GridCell.Tab.1.bottom.1728.-323.2560.1440" width="2510" height="639" />
    <size key="GridCell.Tab.2.left.1728.-323.2560.1440" width="2510" height="639" />
    <size key="GridCell.Tab.2.center.1728.-323.2560.1440" width="2510" height="639" />
    <size key="GridCell.Tab.2.right.1728.-323.2560.1440" width="2510" height="639" />
    <size key="GridCell.Tab.2.bottom.1728.-323.2560.1440" width="2510" height="639" />
    <size key="GridCell.Tab.1.left.4288.-323.2560.1440" width="2510" height="537" />
    <size key="GridCell.Tab.1.center.4288.-323.2560.1440" width="2510" height="537" />
    <size key="GridCell.Tab.1.right.4288.-323.2560.1440" width="2510" height="537" />
    <size key="GridCell.Tab.1.bottom.4288.-323.2560.1440" width="2510" height="537" />
    <size key="GridCell.Tab.2.left.4288.-323.2560.1440" width="2510" height="537" />
    <size key="GridCell.Tab.2.center.4288.-323.2560.1440" width="2510" height="537" />
    <size key="GridCell.Tab.2.right.4288.-323.2560.1440" width="2510" height="537" />
    <size key="GridCell.Tab.2.bottom.4288.-323.2560.1440" width="2510" height="537" />
    <size key="GridCell.Tab.3.left.1728.0.1920.1080" width="1870" height="483" />
    <size key="GridCell.Tab.3.center.1728.0.1920.1080" width="1870" height="483" />
    <size key="GridCell.Tab.3.right.1728.0.1920.1080" width="1870" height="483" />
    <size key="GridCell.Tab.3.bottom.1728.0.1920.1080" width="1870" height="483" />
  </component>
  <component name="WindowManager">
    <frame x="1728" y="25" width="1920" height="977" />
  </component>
  <component name="WindowStateApplicationService">
    <state width="643" height="239" key="ShowUsagesActions.dimensionServiceKey" timestamp="1756204172516">
      <screen x="0" y="38" width="1728" height="1009" />
    </state>
    <state width="813" height="304" key="ShowUsagesActions.dimensionServiceKey/0.38.1728.1001/1728.-298.2560.1415/4288.-298.2560.1415" timestamp="1755510425224" />
    <state width="744" height="100" key="ShowUsagesActions.dimensionServiceKey/0.38.1728.1001/1728.25.1920.1055/3648.25.1920.1055" timestamp="1750257955464" />
    <state width="520" height="670" key="ShowUsagesActions.dimensionServiceKey/0.38.1728.1001/3648.25.1920.1055/1728.25.1920.1055" timestamp="1754643373832" />
    <state width="744" height="645" key="ShowUsagesActions.dimensionServiceKey/0.38.1728.1001/4288.-298.2560.1415/1728.-298.2560.1415" timestamp="1750317259341" />
    <state width="699" height="413" key="ShowUsagesActions.dimensionServiceKey/0.38.1728.1003/1728.-298.2560.1415/4288.-298.2560.1415" timestamp="1756106569039" />
    <state width="999" height="647" key="ShowUsagesActions.dimensionServiceKey/0.38.1728.1003/1728.25.1920.1055/3648.25.1920.1055" timestamp="1750953767467" />
    <state width="450" height="672" key="ShowUsagesActions.dimensionServiceKey/0.38.1728.1003/3648.25.1920.1055/1728.25.1920.1055" timestamp="1754655711424" />
    <state width="599" height="238" key="ShowUsagesActions.dimensionServiceKey/0.38.1728.1005/1728.-298.2560.1415/4288.-298.2560.1415" timestamp="1756132621735" />
    <state width="809" height="106" key="ShowUsagesActions.dimensionServiceKey/0.38.1728.1005/1728.25.1920.1055/3648.25.1920.1055" timestamp="1755611388311" />
    <state width="667" height="254" key="ShowUsagesActions.dimensionServiceKey/0.38.1728.1005/3648.25.1920.1055/1728.25.1920.1055" timestamp="1755697017821" />
    <state width="871" height="414" key="ShowUsagesActions.dimensionServiceKey/0.38.1728.1007/3648.25.1920.1055/1728.25.1920.1055" timestamp="1755770849205" />
    <state width="643" height="239" key="ShowUsagesActions.dimensionServiceKey/0.38.1728.1009/3648.25.1920.1055/1728.25.1920.1055" timestamp="1756204172516" />
    <state width="620" height="364" key="ShowUsagesActions.dimensionServiceKey/0.38.1728.994" timestamp="1751522123796" />
    <state width="936" height="326" key="ShowUsagesActions.dimensionServiceKey/0.38.1728.994/1728.-298.2560.1415/4288.-298.2560.1415" timestamp="1749116348975" />
    <state width="726" height="326" key="ShowUsagesActions.dimensionServiceKey/0.38.1728.994/1728.25.1920.1055/3648.25.1920.1055" timestamp="1755002805964" />
    <state width="715" height="727" key="ShowUsagesActions.dimensionServiceKey/0.38.1728.994/3648.25.1920.1055/1728.25.1920.1055" timestamp="1753358932675" />
    <state width="931" height="436" key="ShowUsagesActions.dimensionServiceKey/0.38.1728.994/4288.-298.2560.1415/1728.-298.2560.1415" timestamp="1751892641000" />
    <state width="842" height="260" key="ShowUsagesActions.dimensionServiceKey/0.38.1728.997/1728.-298.2560.1415/4288.-298.2560.1415" timestamp="1754913777785" />
    <state width="936" height="480" key="ShowUsagesActions.dimensionServiceKey/0.38.1728.997/1728.25.1920.1055/3648.25.1920.1055" timestamp="1755166260155" />
    <state width="757" height="727" key="ShowUsagesActions.dimensionServiceKey/0.38.1728.997/3648.25.1920.1055/1728.25.1920.1055" timestamp="1753959946189" />
    <state width="517" height="103" key="ShowUsagesActions.dimensionServiceKey/0.38.1728.999/1728.-298.2560.1415/4288.-298.2560.1415" timestamp="1749738651931" />
    <state width="664" height="238" key="ShowUsagesActions.dimensionServiceKey/0.38.1728.999/1728.25.1920.1055/3648.25.1920.1055" timestamp="1755096000485" />
    <state width="769" height="458" key="ShowUsagesActions.dimensionServiceKey/0.38.1728.999/3648.25.1920.1055/1728.25.1920.1055" timestamp="1754577686959" />
    <state x="864" y="477" width="800" height="650" key="WELCOME_SCREEN" timestamp="1751872167336">
      <screen x="0" y="38" width="1728" height="994" />
    </state>
    <state x="864" y="477" width="800" height="650" key="WELCOME_SCREEN/0.38.1728.994" timestamp="1751790988688" />
    <state x="864" y="477" width="800" height="650" key="WELCOME_SCREEN/0.38.1728.994/4288.-298.2560.1415/1728.-298.2560.1415" timestamp="1751872167336" />
  </component>
</application>