<code_scheme name="Default" version="173">
  <JSCodeStyleSettings version="0">
    <option name="USE_DOUBLE_QUOTES" value="false" />
  </JSCodeStyleSettings>
  <JetCodeStyleSettings>
    <option name="CODE_STYLE_DEFAULTS" value="KOTLIN_OFFICIAL" />
  </JetCodeStyleSettings>
  <ScalaCodeStyleSettings>
    <option name="SCALAFMT_REFORMAT_ON_FILES_SAVE" value="true" />
    <option name="MULTILINE_STRING_CLOSING_QUOTES_ON_NEW_LINE" value="true" />
  </ScalaCodeStyleSettings>
  <codeStyleSettings language="kotlin">
    <option name="CODE_STYLE_DEFAULTS" value="KOTLIN_OFFICIAL" />
  </codeStyleSettings>
</code_scheme>